<?xml version="1.0" encoding="UTF-8"?>
<project-private xmlns="http://www.netbeans.org/ns/project-private/1">
    <editor-bookmarks xmlns="http://www.netbeans.org/ns/editor-bookmarks/2" lastBookmarkId="0"/>
    <open-files xmlns="http://www.netbeans.org/ns/projectui-open-files/2">
        <group name="HHS">
            <file>file:/C:/Users/Cas%20Ros/Documents/HHS/Periode%203/Project/GitHub/Sleutelbarricade/SleutelBarricade/src/sleutelbarricade/Level.java</file>
            <file>file:/C:/Users/Cas%20Ros/Documents/HHS/Periode%203/Project/GitHub/Sleutelbarricade/SleutelBarricade/test/sleutelbarricade/LevelTest.java</file>
            <file>file:/C:/Users/Cas%20Ros/Documents/HHS/Periode%203/Project/GitHub/Sleutelbarricade/SleutelBarricade/src/sleutelbarricade/SleutelBarricade.java</file>
        </group>
    </open-files>
</project-private>
